wall_time,elapsed_seconds,event,voice,strength,location,phase,active_strikes,friction_level,hand_level,x,y,z,block_rms,block_peak
2026-08-23 15:22:07,2.843,ceremony_start,,,,,,,,,,,,
2026-08-23 15:22:10,5.750,audio_start,,,,,,,,,,,,
2026-08-23 15:22:11,6.796,audio_summary,,,,arrival,,,,,,,0.00000000,0.00000000
2026-08-23 15:22:12,7.828,audio_summary,,,,arrival,,,,,,,0.01364657,0.07273397
2026-08-23 15:22:13,8.843,audio_summary,,,,arrival,,,,,,,0.03827054,0.10286632
2026-08-23 15:22:14,9.859,audio_summary,,,,arrival,,,,,,,0.03499644,0.10062879
2026-08-23 15:22:15,10.875,audio_summary,,,,arrival,,,,,,,0.03433797,0.09649948
2026-08-23 15:22:16,11.906,audio_summary,,,,arrival,,,,,,,0.03307494,0.08948971
2026-08-23 15:22:17,12.937,audio_summary,,,,arrival,,,,,,,0.03197554,0.09972078
2026-08-23 15:22:18,13.953,audio_summary,,,,arrival,,,,,,,0.02918701,0.09012422
2026-08-23 15:22:19,14.968,audio_summary,,,,arrival,,,,,,,0.02939724,0.08485706
2026-08-23 15:22:20,16.000,audio_summary,,,,arrival,,,,,,,0.03120517,0.10690545
2026-08-23 15:22:21,17.015,audio_summary,,,,arrival,,,,,,,0.02826577,0.08600757
2026-08-23 15:22:22,18.031,audio_summary,,,,arrival,,,,,,,0.02609550,0.08505563
2026-08-23 15:22:24,19.062,audio_summary,,,,arrival,,,,,,,0.02783427,0.08455480
2026-08-23 15:22:25,20.078,audio_summary,,,,arrival,,,,,,,0.03078478,0.08674048
2026-08-23 15:22:26,21.109,audio_summary,,,,arrival,,,,,,,0.03283214,0.10058201
2026-08-23 15:22:27,22.125,audio_summary,,,,arrival,,,,,,,0.03099519,0.09285031
2026-08-23 15:22:28,23.140,audio_summary,,,,arrival,,,,,,,0.02652051,0.08485819
2026-08-23 15:22:29,24.156,audio_summary,,,,arrival,,,,,,,0.02506860,0.08197472
2026-08-23 15:22:30,25.187,audio_summary,,,,arrival,,,,,,,0.02194135,0.06466136
2026-08-23 15:22:31,26.218,audio_summary,,,,arrival,,,,,,,0.01960740,0.06032573
2026-08-23 15:22:32,27.234,audio_summary,,,,arrival,,,,,,,0.02171949,0.06524312
2026-08-23 15:22:33,28.250,audio_summary,,,,arrival,,,,,,,0.02227231,0.06704465
2026-08-23 15:22:34,29.265,audio_summary,,,,arrival,,,,,,,0.02270940,0.06748167
2026-08-23 15:22:35,30.296,audio_summary,,,,arrival,,,,,,,0.02001224,0.05638120
2026-08-23 15:22:36,31.343,audio_summary,,,,arrival,,,,,,,0.01888089,0.05560677
2026-08-23 15:22:37,32.343,audio_summary,,,,arrival,,,,,,,0.02244574,0.06552878
2026-08-23 15:22:38,33.359,audio_summary,,,,arrival,,,,,,,0.02222050,0.06144842
2026-08-23 15:22:39,34.375,audio_summary,,,,arrival,,,,,,,0.02170237,0.05950810
2026-08-23 15:22:40,35.406,audio_summary,,,,arrival,,,,,,,0.02192261,0.06338625
2026-08-23 15:22:41,36.421,audio_summary,,,,arrival,,,,,,,0.02056259,0.05935786
2026-08-23 15:22:42,37.453,audio_summary,,,,arrival,,,,,,,0.01945328,0.06552487
2026-08-23 15:22:43,38.468,audio_summary,,,,arrival,,,,,,,0.01465821,0.04607699
2026-08-23 15:22:44,39.484,audio_summary,,,,arrival,,,,,,,0.01308483,0.04469729
2026-08-23 15:22:45,40.515,audio_summary,,,,arrival,,,,,,,0.01549790,0.04413123
2026-08-23 15:22:46,41.531,audio_summary,,,,arrival,,,,,,,0.01646541,0.05077393
2026-08-23 15:22:47,42.562,audio_summary,,,,arrival,,,,,,,0.01708739,0.05249179
2026-08-23 15:22:48,43.609,audio_summary,,,,arrival,,,,,,,0.01620288,0.04713306
2026-08-23 15:22:49,44.625,audio_summary,,,,arrival,,,,,,,0.01533750,0.04754611
2026-08-23 15:22:50,45.640,audio_summary,,,,arrival,,,,,,,0.02585379,0.07508917
2026-08-23 15:22:51,46.640,audio_summary,,,,arrival,,,,,,,0.02659155,0.08508899
2026-08-23 15:22:52,47.656,audio_summary,,,,arrival,,,,,,,0.02556509,0.07538176
2026-08-23 15:22:53,48.703,audio_summary,,,,arrival,,,,,,,0.02395229,0.07157856
2026-08-23 15:22:54,49.718,audio_summary,,,,arrival,,,,,,,0.02255270,0.06793420
2026-08-23 15:22:55,50.734,audio_summary,,,,arrival,,,,,,,0.02229107,0.07259846
2026-08-23 15:22:56,51.750,audio_summary,,,,arrival,,,,,,,0.01743739,0.05662311
2026-08-23 15:22:57,52.781,audio_summary,,,,arrival,,,,,,,0.02155653,0.06407910
2026-08-23 15:22:58,53.796,audio_summary,,,,arrival,,,,,,,0.02174161,0.06189787
2026-08-23 15:22:59,54.828,audio_summary,,,,arrival,,,,,,,0.01963920,0.05581770
2026-08-23 15:23:00,55.843,audio_summary,,,,arrival,,,,,,,0.01865374,0.06007090
2026-08-23 15:23:01,56.859,audio_summary,,,,arrival,,,,,,,0.02069043,0.07096627
2026-08-23 15:23:02,57.890,audio_summary,,,,arrival,,,,,,,0.02087383,0.06499084
2026-08-23 15:23:03,58.906,audio_summary,,,,arrival,,,,,,,0.02212779,0.05930223
2026-08-23 15:23:04,59.921,audio_summary,,,,arrival,,,,,,,0.02070582,0.05864871
2026-08-23 15:23:05,60.953,audio_summary,,,,arrival,,,,,,,0.01695982,0.05762362
2026-08-23 15:23:06,61.968,audio_summary,,,,arrival,,,,,,,0.01947503,0.05666501
2026-08-23 15:23:07,63.000,audio_summary,,,,arrival,,,,,,,0.01567858,0.04798803
2026-08-23 15:23:08,64.015,audio_summary,,,,arrival,,,,,,,0.01495902,0.04828198
2026-08-23 15:23:09,65.031,audio_summary,,,,arrival,,,,,,,0.01230649,0.03828112
2026-08-23 15:23:11,66.078,audio_summary,,,,arrival,,,,,,,0.01507783,0.04488626
2026-08-23 15:23:12,67.093,audio_summary,,,,arrival,,,,,,,0.01507272,0.04673645
2026-08-23 15:23:13,68.109,audio_summary,,,,arrival,,,,,,,0.01444848,0.04580271
2026-08-23 15:23:14,69.125,audio_summary,,,,arrival,,,,,,,0.01433875,0.04366121
2026-08-23 15:23:15,70.140,audio_summary,,,,arrival,,,,,,,0.01384938,0.05009348
2026-08-23 15:23:16,71.156,audio_summary,,,,arrival,,,,,,,0.01525559,0.04216693
2026-08-23 15:23:17,72.187,audio_summary,,,,arrival,,,,,,,0.01472470,0.04433527
2026-08-23 15:23:18,73.218,audio_summary,,,,arrival,,,,,,,0.01439678,0.04517271
2026-08-23 15:23:19,74.234,audio_summary,,,,arrival,,,,,,,0.01342230,0.03916496
2026-08-23 15:23:20,75.250,audio_summary,,,,arrival,,,,,,,0.01213938,0.03869059
2026-08-23 15:23:21,76.281,audio_summary,,,,arrival,,,,,,,0.01130786,0.04149922
2026-08-23 15:23:22,77.296,audio_summary,,,,arrival,,,,,,,0.00979918,0.02925237
2026-08-23 15:23:23,78.312,audio_summary,,,,arrival,,,,,,,0.00965120,0.03179310
2026-08-23 15:23:24,79.343,audio_summary,,,,arrival,,,,,,,0.00962678,0.03014814
2026-08-23 15:23:25,80.359,audio_summary,,,,arrival,,,,,,,0.00977372,0.02694689
2026-08-23 15:23:26,81.390,audio_summary,,,,arrival,,,,,,,0.01028284,0.03143146
2026-08-23 15:23:27,82.406,audio_summary,,,,arrival,,,,,,,0.01025153,0.03381889
2026-08-23 15:23:28,83.421,audio_summary,,,,arrival,,,,,,,0.01058526,0.03054508
2026-08-23 15:23:29,84.437,audio_summary,,,,arrival,,,,,,,0.01016539,0.03367176
2026-08-23 15:23:30,85.468,audio_summary,,,,arrival,,,,,,,0.01068754,0.02858385
2026-08-23 15:23:31,86.500,audio_summary,,,,arrival,,,,,,,0.00922804,0.02723314
2026-08-23 15:23:32,87.515,audio_summary,,,,arrival,,,,,,,0.01071570,0.03161405
2026-08-23 15:23:33,88.531,audio_summary,,,,arrival,,,,,,,0.00839197,0.03040697
2026-08-23 15:23:34,89.546,audio_summary,,,,arrival,,,,,,,0.00811491,0.02300176
2026-08-23 15:23:35,90.578,audio_summary,,,,arrival,,,,,,,0.00708589,0.02144510
2026-08-23 15:23:36,91.609,audio_summary,,,,arrival,,,,,,,0.00694470,0.01883554
2026-08-23 15:23:37,92.625,audio_summary,,,,arrival,,,,,,,0.00709290,0.02276564
2026-08-23 15:23:38,93.640,audio_summary,,,,arrival,,,,,,,0.00646406,0.01746275
2026-08-23 15:23:39,94.656,audio_summary,,,,arrival,,,,,,,0.00810763,0.02462539
2026-08-23 15:23:40,95.687,audio_summary,,,,arrival,,,,,,,0.00734592,0.02020745
2026-08-23 15:23:41,96.703,audio_summary,,,,arrival,,,,,,,0.01787271,0.07372288
2026-08-23 15:23:42,97.750,audio_summary,,,,arrival,,,,,,,0.02476520,0.06621421
2026-08-23 15:23:43,98.750,audio_summary,,,,arrival,,,,,,,0.02104285,0.05722436
2026-08-23 15:23:44,99.781,audio_summary,,,,arrival,,,,,,,0.01482553,0.04458030
2026-08-23 15:23:45,100.796,audio_summary,,,,arrival,,,,,,,0.01623659,0.05187567
2026-08-23 15:23:46,101.812,audio_summary,,,,arrival,,,,,,,0.01743894,0.04805284
2026-08-23 15:23:47,102.828,audio_summary,,,,arrival,,,,,,,0.01706951,0.05461385
2026-08-23 15:23:48,103.859,audio_summary,,,,arrival,,,,,,,0.01619296,0.05553736
2026-08-23 15:23:49,104.890,audio_summary,,,,arrival,,,,,,,0.01569936,0.04307448
2026-08-23 15:23:50,105.906,audio_summary,,,,arrival,,,,,,,0.01471925,0.04749439
2026-08-23 15:23:51,106.921,audio_summary,,,,arrival,,,,,,,0.01590946,0.04636255
2026-08-23 15:23:52,107.937,audio_summary,,,,arrival,,,,,,,0.01722631,0.04975870
2026-08-23 15:23:53,108.968,audio_summary,,,,arrival,,,,,,,0.01777392,0.05701766
2026-08-23 15:23:54,110.000,audio_summary,,,,arrival,,,,,,,0.01594913,0.04902207
2026-08-23 15:23:55,111.015,audio_summary,,,,arrival,,,,,,,0.01492668,0.04740664
2026-08-23 15:23:56,112.031,audio_summary,,,,arrival,,,,,,,0.01577163,0.04649207
2026-08-23 15:23:58,113.078,audio_summary,,,,arrival,,,,,,,0.01538509,0.04586325
2026-08-23 15:23:59,114.078,audio_summary,,,,arrival,,,,,,,0.01221319,0.03537515
2026-08-23 15:24:00,115.093,audio_summary,,,,arrival,,,,,,,0.01027870,0.03346081
2026-08-23 15:24:01,116.125,audio_summary,,,,arrival,,,,,,,0.01120266,0.03974352
2026-08-23 15:24:02,117.140,audio_summary,,,,arrival,,,,,,,0.01290382,0.03490525
2026-08-23 15:24:03,118.156,audio_summary,,,,arrival,,,,,,,0.01326822,0.04016458
2026-08-23 15:24:04,119.187,audio_summary,,,,arrival,,,,,,,0.01221872,0.03677588
2026-08-23 15:24:05,120.203,audio_summary,,,,arrival,,,,,,,0.01017120,0.02954907
2026-08-23 15:24:06,121.218,audio_summary,,,,arrival,,,,,,,0.01045451,0.03474622
2026-08-23 15:24:07,122.250,audio_summary,,,,arrival,,,,,,,0.01298609,0.03645927
2026-08-23 15:24:08,123.281,audio_summary,,,,arrival,,,,,,,0.01366222,0.03733364
2026-08-23 15:24:09,124.296,audio_summary,,,,arrival,,,,,,,0.01256429,0.03345153
2026-08-23 15:24:10,125.312,audio_summary,,,,arrival,,,,,,,0.01063995,0.03244332
2026-08-23 15:24:11,126.328,audio_summary,,,,arrival,,,,,,,0.02804821,0.12452170
2026-08-23 15:24:12,127.359,audio_summary,,,,arrival,,,,,,,0.04209043,0.10855823
2026-08-23 15:24:13,128.390,audio_summary,,,,arrival,,,,,,,0.04054982,0.11234696
2026-08-23 15:24:14,129.406,audio_summary,,,,arrival,,,,,,,0.03416868,0.10460008
2026-08-23 15:24:15,130.421,audio_summary,,,,arrival,,,,,,,0.03212467,0.09694172
2026-08-23 15:24:16,131.437,audio_summary,,,,arrival,,,,,,,0.03284405,0.09337708
2026-08-23 15:24:17,132.468,audio_summary,,,,arrival,,,,,,,0.03020837,0.08457080
2026-08-23 15:24:18,133.484,audio_summary,,,,arrival,,,,,,,0.02895006,0.08121760
2026-08-23 15:24:19,134.515,audio_summary,,,,arrival,,,,,,,0.03314046,0.09864717
2026-08-23 15:24:20,135.531,audio_summary,,,,arrival,,,,,,,0.02951898,0.09405871
2026-08-23 15:24:21,136.562,audio_summary,,,,arrival,,,,,,,0.02590347,0.07349538
2026-08-23 15:24:22,137.578,audio_summary,,,,arrival,,,,,,,0.02885825,0.08396813
2026-08-23 15:24:23,138.593,audio_summary,,,,arrival,,,,,,,0.02926122,0.08656903
2026-08-23 15:24:24,139.609,audio_summary,,,,arrival,,,,,,,0.03145338,0.08778825
2026-08-23 15:24:25,140.656,audio_summary,,,,arrival,,,,,,,0.03044440,0.08949484
2026-08-23 15:24:26,141.671,audio_summary,,,,arrival,,,,,,,0.02753146,0.07446515
2026-08-23 15:24:27,142.687,audio_summary,,,,arrival,,,,,,,0.02550893,0.07986666
2026-08-23 15:24:28,143.703,audio_summary,,,,arrival,,,,,,,0.02267117,0.06711346
2026-08-23 15:24:29,144.718,audio_summary,,,,arrival,,,,,,,0.01990474,0.06635835
2026-08-23 15:24:30,145.750,audio_summary,,,,arrival,,,,,,,0.01885052,0.05283858
2026-08-23 15:24:31,146.781,audio_summary,,,,arrival,,,,,,,0.01942778,0.05830471
2026-08-23 15:24:32,147.796,audio_summary,,,,arrival,,,,,,,0.02325375,0.07237089
2026-08-23 15:24:33,148.812,audio_summary,,,,arrival,,,,,,,0.01974242,0.05493180
2026-08-23 15:24:34,149.843,audio_summary,,,,grounding,,,,,,,0.01921313,0.05825501
2026-08-23 15:24:35,150.859,audio_summary,,,,grounding,,,,,,,0.03874811,0.13286510
